,Surname,First Names,Age,Boarded,Survivor (S) or Victim (†)
0,Ab ī-Al-Munà,Mr Nās īf Qāsim,26,Cherbourg,S
1,Abbing,Mr Anthony,42,Southampton,†
2,Abbott,Mr Eugene Joseph,14,Southampton,†
3,Abbott,Mr Rossmore Edward,16,Southampton,†
4,Abbott,Mrs Rhoda Mary “Rosa”,39,Southampton,S
5,Abelseth,Miss Karen Marie,16,Southampton,S
6,Abelseth,Mr Olaus Jørgensen,25,Southampton,S
7,Abelson,Mr Samuel,30,Cherbourg,†
8,Abelson,Mrs Hannah,28,Cherbourg,S
9,Abrahamsson,Mr Abraham August Johannes,20,Southampton,S
10,Adams,Mr John,26,Southampton,†
11,Ahlin,Mrs Johanna Persdotter,40,Southampton,†
12,Aks,Master Frank Philip,10m,Southampton,S
13,Aks,Mrs Leah,18,Southampton,S
14,Al-Munà,Mr Far īd Husayn Qāsim,18,Cherbourg,†
15,Aldworth,Mr Augustus Henry,34,Southampton,†
16,Alexander,Mr William Albert,23,Southampton,†
17,Alhomäki,Mr Ilmari Rudolf,19,Southampton,†
18,Ali,Mr Ahmed,24,Southampton,†
19,Ali,Mr William,25,Southampton,†
20,Allen,Miss Elisabeth Walton,29,Southampton,S
21,Allen,Mr William Henry,38,Southampton,†
22,Allison,Master Hudson Trevor,11m,Southampton,S
23,Allison,Miss Helen Loraine,2,Southampton,†
24,Allison,Mr Hudson Joshua Creighton,30,Southampton,†
25,Allison,Mrs Bessie Waldo,25,Southampton,†
26,Allum,Mr Owen George,15,Southampton,†
27,Andersen,Mr Albert Karvin,33,Southampton,†
28,Andersen-Jensen,Miss Carla Christine Nielsine,19,Southampton,S
29,Anderson,Mr Harry,47,Southampton,S
30,Andersson,Master Sigvard Harald Elias,4,Southampton,†
31,Andersson,Miss Ebba Iris Alfrida,6,Southampton,†
32,Andersson,Miss Ellis Anna Maria,2,Southampton,†
33,Andersson,Miss Erna Alexandra,17,Southampton,S
34,Andersson,Miss Ida Augusta Margareta,38,Southampton,†
35,Andersson,Miss Ingeborg Constanzia,9,Southampton,†
36,Andersson,Miss Sigrid Elisabeth,11,Southampton,†
37,Andersson,Mr Anders Johan,39,Southampton,†
38,Andersson,Mr Johan Samuel,26,Southampton,†
39,Andersson,Mrs Alfrida Konstantia Brogren,39,Southampton,†
40,Andreasson,Mr Pål Edvin,20,Southampton,†
41,Andrew,Mr Edgar Samuel,17,Southampton,†
42,Andrew,Mr Frank Thomas,25,Southampton,†
43,Andrews,Miss Kornelia Theodosia,62,Cherbourg,S
44,Andrews,Mr Thomas,39,Belfast,†
45,Angheloff,Mr Minko,26,Southampton,†
46,Angle,Mr William,32,Southampton,†
47,Angle,Mrs Florence Agnes,36,Southampton,S
48,Appleton,Mrs Charlotte,53,Southampton,S
49,Arnold-Franchi,Mr Josef,25,Southampton,†
50,Arnold-Franchi,Mrs Josefine,18,Southampton,†
51,Aronsson,Mr Ernst Axel Algot,24,Southampton,†
52,Artagaveytia,Mr Ramon,71,Cherbourg,†
53,Ashby,Mr John,57,Southampton,†
54,Asim,Mr Adola,35,Southampton,†
55,Asplund,Master Carl Edgar,5,Southampton,†
56,Asplund,Master Clarence Gustaf Hugo,9,Southampton,†
57,Asplund,Master Edvin Rojj Felix,3,Southampton,S
58,Asplund,Master Filip Oscar,13,Southampton,†
59,Asplund,Miss Lillian Gertrud,5,Southampton,S
60,Asplund,Mr Carl Oscar Vilhelm Gustafsson,40,Southampton,†
61,Asplund,Mr Johan Charles,23,Southampton,S
62,Asplund,Mrs Selma Augusta Emilia,38,Southampton,S
63,Assaf,Mrs Mariana,45,Cherbourg,S
64,Assam,Mr Ali,23,Southampton,†
65,Astor,Colonel John Jacob,47,Cherbourg,†
66,Astor,Mrs Madeleine Talmage,18,Cherbourg,S
67,Attala,Mr Sleiman,27,Cherbourg,†
68,Attalah,Miss Malake,17,Cherbourg,†
69,Aubart,Mme. Léontine Pauline “Ninette”,24,Cherbourg,S
70,Augustsson,Mr Albert,23,Southampton,†
71,Ayoub Daher,Miss Banoura,15,Cherbourg,S
72,Backström,Mr Karl Alfred,32,Southampton,†
73,Backström,Mrs Maria Mathilda,33,Southampton,†
74,Baclini,Miss Eugenie,3,Cherbourg,S
75,Baclini,Miss Helene Barbara,9m,Cherbourg,S
76,Baclini,Miss Marie Catherine,5,Cherbourg,S
77,Baclini,Mrs Latifa,24,Cherbourg,S
78,Badman,Miss Emily Louisa,18,Southampton,S
79,Badt,Mr Mohamed,40,Cherbourg,†
80,Bailey,Mr Percy,15,Southampton,†
81,Baimbrigge,Mr Charles Robert,22,Southampton,†
82,Balkic,Mr Cerin,26,Southampton,†
83,Balls,Mrs Ada E.,36,Southampton,S
84,Banfield,Mr Frederick James,28,Southampton,†
85,Banski,Mrs Mara,31,Southampton,†
86,Barbara,Miss Saiide,18,Cherbourg,†
87,Barbara,Mrs Catherine David,45,Cherbourg,†
88,Barber,Miss Ellen Mary (Maid to Mrs Tyrell William Cavendish),26,Southampton,S
89,Barkworth,Mr Algernon Henry,47,Southampton,S
90,Barry,Miss Julia,26,Queenstown,†
91,Barton,Mr David John,22,Southampton,†
92,Bassani,Mrs Albina (Maid to Mrs William Robert Bucknell),32,Cherbourg,S
93,Bateman,Reverend Robert James,51,Southampton,†
94,Batoshev,Mr Hristo Lalev,23,Southampton,†
95,Baumann,Mr John D.,60,Cherbourg,†
96,Baxter,Mr Quigg Edmond,24,Cherbourg,†
97,Baxter,Mrs Hélène,50,Cherbourg,S
98,Beane,Mr Edward,32,Southampton,S
99,Beane,Mrs Ethel,22,Southampton,S
100,Beattie,Mr Thomson,36,Southampton,†
101,Beauchamp,Mr Henry James,28,Southampton,†
102,Beavan,Mr William Thomas,20,Southampton,†
103,Becker,Master Richard F.,1,Southampton,S
104,Becker,Miss Marion Louise,4,Southampton,S
105,Becker,Miss Ruth Elizabeth,12,Southampton,S
106,Becker,Mrs Nellie E.,35,Southampton,S
107,Beckwith,Mr Richard Leonard,37,Southampton,S
108,Beckwith,Mrs Sallie,46,Southampton,S
109,Beesley,Mr Lawrence,34,Southampton,S
110,Behr,Mr Karl Howell,26,Cherbourg,S
111,Bengtsson,Mr Johan Viktor,26,Southampton,†
112,Bentham,Miss Lillian W.,19,Southampton,S
113,Berglund,Mr Karl Ivar Sven,22,Southampton,†
114,Berriman,Mr William John,23,Southampton,†
115,Bessette,Miss Nellie Mayo (Maid to Mrs Ella Holmes White),39,Cherbourg,S
116,Bidois,Miss Rosalie (Maid to Mrs John Jacob Astor),46,Cherbourg,S
117,Bing,Mr Lee,32,Southampton,S
118,Bird,Miss Ellen (Maid to Mr & Mrs Isodor Straus),31,Southampton,S
119,Birkeland,Mr Hans Martin Monsen,21,Southampton,†
120,Birnbaum,Mr Jakob,24,Cherbourg,†
121,Bishop,Mr Dickinson H.,25,Cherbourg,S
122,Bishop,Mrs Helen,19,Cherbourg,S
123,Björklund,Mr Ernst Herbert,18,Southampton,†
124,Björnström-Steffansson,Mr Mauritz Hokan,28,Southampton,S
125,Blackwell,Mr Stephen Weart,45,Southampton,†
126,Blank,Mr Henry,39,Cherbourg,S
127,Bonnell,Miss Caroline,30,Southampton,S
128,Bonnell,Miss Elizabeth,61,Southampton,S
129,Borebank,Mr John James,42,Southampton,†
130,Bostandyeff,Mr Guentcho,26,Southampton,†
131,Botsford,Mr William Hull,25,Southampton,†
132,Bourke,Miss Mary,40,Queenstown,†
133,Bourke,Mr John,42,Queenstown,†
134,Bourke,Mrs Catherine,32,Queenstown,†
135,Bowen,Miss Grace Scott (Maid to Mr & Mrs Arthur Ryerson),45,Cherbourg,S
136,Bowen,Mr David John “Dai”,26,Southampton,†
137,Bowenur,Mr Solomon,42,Southampton,†
138,Bowerman,Miss Elsie Edith,22,Southampton,S
139,Bracken,Mr James Hollen,29,Southampton,†
140,Bradley,Miss Bridget Delia,22,Queenstown,S
141,Brady,Mr John Bertram,41,Southampton,†
142,Braf,Miss Elin Ester Maria,20,Southampton,†
143,Brailey,Mr William Theodore Ronald,24,Southampton,†
144,Brandeis,Mr Emil Franklin,48,Cherbourg,†
145,Braund,Mr Lewis Richard,29,Southampton,†
146,Braund,Mr Owen Harris,22,Southampton,†
147,Brereton,Mr George Andrew,37,Southampton,S
148,Brewe,Dr Arthur Jackson,45,Cherbourg,†
149,Bricoux,Mr Roger Marie,20,Southampton,†
150,Brito,Mr José Joaquim de,32,Southampton,†
151,Brobäck,Mr Karl Rudolf,22,Southampton,†
152,Brocklebank,Mr William Alfred,35,Southampton,†
153,Brown,Miss Amelia Mary,18,Southampton,S
154,Brown,Miss Edith Eileen,15,Southampton,S
155,Brown,Mr Thomas William Solomon,60,Southampton,†
156,Brown,Mrs Caroline Lane,59,Southampton,S
157,Brown,Mrs Elizabeth Catherine,40,Southampton,S
158,Brown,Mrs Margaret “Molly”,44,Cherbourg,S
159,Bryhl,Miss Dagmar Jenny Ingeborg,20,Southampton,S
160,Bryhl,Mr Kurt Arnold Gottfrid,25,Southampton,†
161,Buckley,Miss Katherine,22,Queenstown,†
162,Buckley,Mr Daniel,21,Queenstown,S
163,Bucknell,Mrs Emma Eliza,58,Cherbourg,S
164,Burke,Mr Jeremiah,19,Queenstown,†
165,Burns,Miss Elizabeth Margaret (Nanny to Master Robert Douglas Spedden),41,Cherbourg,S
166,Burns,Miss Mary Delia,17,Queenstown,†
167,Buss,Miss Kate,36,Southampton,S
168,Butler,Mr Reginald Fenton,25,Southampton,†
169,Butrus-Ka’W ī,Mr Tannūs,21,Cherbourg,†
170,Butt,Major Archibald Willingham,46,Southampton,†
171,Byles,Father Thomas Roussel Davids,42,Southampton,†
172,Byström,Mrs Karolina,40,Southampton,†
173,Būlus,Master Akar,9,Cherbourg,†
174,Būlus,Miss Nūr-al-Ayn,7,Cherbourg,†
175,Būlus,Mrs Sultānah,40,Cherbourg,†
176,Cacic,Miss Manda,21,Southampton,†
177,Cacic,Miss Marija,30,Southampton,†
178,Cacic,Mr Jego Grga,18,Southampton,†
179,Cacic,Mr Luka,38,Southampton,†
180,Cairns,Mr Alexander Milne (Manservant to Mr William Ernest Carter),28,Southampton,†
181,Calderhead,Mr Edward Pennington,42,Southampton,S
182,Caldwell,Master Alden Gates,10m,Southampton,S
183,Caldwell,Mr Albert Francis,26,Southampton,S
184,Caldwell,Mrs Sylvia Mae,28,Southampton,S
185,Calic,Mr Jovo,17,Southampton,†
186,Calic,Mr Petar,17,Southampton,†
187,Cameron,Miss Clear Annie,35,Southampton,S
188,Campbell,Mr William Henry,21,Belfast,†
189,Canavan,Miss Mary,22,Queenstown,†
190,Canavan,Mr Patrick,21,Queenstown,†
191,Candee,Mrs Helen Churchill,52,Cherbourg,S
192,Cann,Mr Ernest,21,Southampton,†
193,Caram,Mr Joseph,28,Cherbourg,†
194,Caram,Mrs Maria Elias,18,Cherbourg,†
195,Carbines,Mr William,19,Southampton,†
196,Cardeza,Mr Thomas Drake Martinez,36,Cherbourg,S
197,Cardeza,Mrs Charlotte Wardle,58,Cherbourg,S
198,Carlsson,Mr August Sigfrid,28,Southampton,†
199,Carlsson,Mr Carl Robert,24,Southampton,†
200,Carlsson,Mr Frans Olof,33,Southampton,†
201,Carr,Miss Jane,45,Queenstown,†
202,Carrau,Mr Francisco Mauro Severiano,27,Southampton,†
203,Carraú-Esteves,Mr José Pedro,17,Southampton,†
204,Carter,Father Ernest Courtenay,54,Southampton,†
205,Carter,Master William Thornton II,11,Southampton,S
206,Carter,Miss Lucile Polk,13,Southampton,S
207,Carter,Mr William Ernest,36,Southampton,S
208,Carter,Mrs Lilian,45,Southampton,†
209,Carter,Mrs Lucile,36,Southampton,S
210,Carver,Mr Alfred John,28,Southampton,†
211,Case,Mr Howard Brown,49,Southampton,†
212,Cassebeer,Mrs Eleanor Genevieve,36,Cherbourg,S
213,Cavendish,Mr Tyrell William,36,Southampton,†
214,Cavendish,Mrs Julia Florence,25,Southampton,S
215,Celotti,Mr Francesco,24,Southampton,†
216,Chaffee,Mr Herbert Fuller,46,Southampton,†
217,Chaffee,Mrs Carrie Constance,47,Southampton,S
218,Chambers,Mr Norman Campbell,27,Southampton,S
219,Chambers,Mrs Bertha,32,Southampton,S
220,Chapman,Mr Charles Henry,52,Southampton,†
221,Chapman,Mr John Henry,36,Southampton,†
222,Chapman,Mrs Sara Elizabeth,28,Southampton,†
223,Charters,Mr David,20,Queenstown,†
224,Chaudanson,Miss Victorine (Maid to Mrs Emily Ryerson),36,Cherbourg,S
225,Cherry,Miss Gladys,30,Southampton,S
226,Chevré,Mr Paul Romaine Marie Léonce,45,Cherbourg,S
227,Chibnall,Mrs Edith Martha Bowerman,48,Southampton,S
228,Chip,Mr Chang,32,Southampton,S
229,Chisholm,Mr Roderick Robert Crispin,43,Belfast,†
230,Christmann,Mr Emil,29,Southampton,†
231,Christy,Miss Rachel Juli Cohen,25,Southampton,S
232,Christy,Mrs Alice Frances,45,Southampton,S
233,Chronopoulos,Mr Apostolos M.,26,Cherbourg,†
234,Chronopoulos,Mr Dimitrios M.,21,Cherbourg,†
235,Clark,Mr Walter Miller,27,Cherbourg,†
236,Clark,Mrs Virginia Estelle,26,Cherbourg,S
237,Clarke,Mr Charles Valentine,29,Southampton,†
238,Clarke,Mr John Frederick Preston,28,Southampton,†
239,Clarke,Mrs Ada Maria,28,Southampton,S
240,Cleaver,Miss Alice Catherine (Nanny to Master Hudson Trevor Allison),22,Southampton,S
241,Clifford,Mr George Quincy,40,Southampton,†
242,Coelho,Mr Domingos Fernandeo,20,Southampton,†
243,Cohen,Mr Gurshon,18,Southampton,S
244,Colbert,Mr Patrick,24,Queenstown,†
245,Coleff,Mr Satio,24,Southampton,†
246,Coleridge,Mr Reginald Charles,29,Southampton,†
247,Collander,Mr Erik Gustaf,27,Southampton,†
248,Collett,Mr Sidney Clarence Stuart,25,Southampton,S
249,Colley,Mr Edward Pomeroy,37,Southampton,†
250,Collyer,Miss Marjorie Lottie,8,Southampton,S
251,Collyer,Mr Harvey,31,Southampton,†
252,Collyer,Mrs Charlotte Caroline,31,Southampton,S
253,Coltcheff,Mr Peju,36,Southampton,†
254,Compton,Miss Sara Rebecca,39,Cherbourg,S
255,Compton,Mr Alexander Taylor Jr,37,Cherbourg,†
256,Compton,Mrs Mary Eliza,64,Cherbourg,S
257,Conlin,Mr Thomas Henry,31,Queenstown,†
258,Connaughton,Mr Michael,40,Queenstown,†
259,Connolly,Miss Catherine,23,Queenstown,S
260,Connolly,Miss Kate,41,Queenstown,†
261,Connors,Mr Patrick,66,Queenstown,†
262,Cook,Mr Jacob,43,Southampton,†
263,Cook,Mrs Selena,22,Southampton,S
264,Cor,Mr Bartol,35,Southampton,†
265,Cor,Mr Ivan,27,Southampton,†
266,Cor,Mr Liudevit,19,Southampton,†
267,Corbett,Mrs Irene,30,Southampton,†
268,Corey,Mrs Mary Emma,30,Southampton,†
269,Cornblatt,Mr Harris,30,Southampton,†
270,Cornell,Mrs Malvina Helen,55,Southampton,S
271,Corr,Miss Ellen,16,Queenstown,S
272,Cotterill,Mr Henry,20,Southampton,†
273,Coutts,Master Neville Leslie,3,Southampton,S
274,Coutts,Master William Loch,9,Southampton,S
275,Coutts,Mrs Winnie,36,Southampton,S
276,Coxon,Mr Daniel,59,Southampton,†
277,Crafton,Mr John Bertram,59,Southampton,†
278,Crease,Mr Ernest James,19,Southampton,†
279,Cribb,Miss Laura Mae,16,Southampton,S
280,Cribb,Mr John Hatfield,44,Southampton,†
281,Crosby,Captain Edward Gifford,70,Southampton,†
282,Crosby,Miss Harriette Rebecca,39,Southampton,S
283,Crosby,Mrs Catherine Elizabeth,64,Southampton,S
284,Culumovic,Mr Jeso,17,Southampton,†
285,Cumings,Mr John Bradley,39,Cherbourg,†
286,Cumings,Mrs Florence Briggs,35,Cherbourg,S
287,Cunningham,Mr Alfred Fleming,21,Belfast,†
288,Daher,Mr Tannous,28,Cherbourg,†
289,Dahl,Mr Charles Edward,45,Southampton,S
290,Dahlberg,Miss Gerda Ulrika,22,Southampton,†
291,Dakic,Mr Branko,19,Southampton,†
292,Daly,Miss Margaret Marcella,33,Queenstown,S
293,Daly,Mr Eugene Patrick,29,Queenstown,S
294,Daly,Mr Peter Dennis,51,Southampton,†
295,Danbom,Master Gilbert Sigvard Emanuel,4m,Southampton,†
296,Danbom,Mr Ernst Gilbert,34,Southampton,†
297,Danbom,Mrs Anna Sigrid Maria,28,Southampton,†
298,Daniel,Mr Robert Williams,27,Southampton,S
299,Daniels,Miss Sarah Rebecca (Maid to Mr & Mrs Allison),33,Southampton,S
300,Danoff,Mr Yoto,27,Southampton,†
301,Davidson,Mr Thornton,31,Cherbourg,†
302,Davidson,Mrs Orian,27,Cherbourg,S
303,Davies,Master John Morgan Jr,8,Southampton,S
304,Davies,Mr Alfred James,24,Southampton,†
305,Davies,Mr Charles Henry,19,Southampton,†
306,Davies,Mr Evan,22,Southampton,†
307,Davies,Mr John,21,Southampton,†
308,Davies,Mr Joseph,17,Southampton,†
309,Davies,Mrs Agnes,48,Southampton,S
310,Davis,Miss Mary Ann Charlotte,28,Southampton,S
311,Davison,Mr Thomas Henry,32,Southampton,†
312,Davison,Mrs Mary Elizabeth,34,Southampton,S
313,De Messemaeker,Mr Guillaume Joseph,36,Southampton,S
314,De Messemaeker,Mrs Anna,36,Southampton,S
315,De Mulder,Mr Theodoor,30,Southampton,S
316,De Pelsmaeker,Mr Alfons,16,Southampton,†
317,Deacon,Mr Percy William,18,Southampton,†
318,Dean,Master Bertram Vere,1,Southampton,S
319,Dean,Miss Elizabeth Gladys “Millvina”,2m,Southampton,S
320,Dean,Mr Bertram Frank,25,Southampton,†
321,Dean,Mrs Eva Georgetta,32,Southampton,S
322,Del Carlo,Mr Sebastiano,29,Cherbourg,†
323,Del Carlo,Mrs Argene,24,Cherbourg,S
324,Delalic,Mr Redjo,25,Southampton,†
325,Denbuoy,Mr Albert Joseph,25,Southampton,†
326,Denkoff,Mr Mitto,30,Southampton,†
327,Dennis,Mr Samuel,22,Southampton,†
328,Dennis,Mr William,26,Southampton,†
329,Devaney,Miss Margaret Delia,19,Queenstown,S
330,Dibden,Mr William,18,Southampton,†
331,Dick,Mr Albert Adrian,31,Southampton,S
332,Dick,Mrs Vera,17,Southampton,S
333,Dika,Mr Mirko,17,Southampton,†
334,Dimic,Mr Jovan,42,Southampton,†
335,Dintcheff,Mr Valtcho,43,Southampton,†
336,Dodge,Dr Washington,52,Southampton,S
337,Dodge,Master Washington,4,Southampton,S
338,Dodge,Mrs Ruth,34,Southampton,S
339,Doling,Miss Elsie,18,Southampton,†
340,Doling,Mrs Ada Julia Elizabeth,34,Southampton,†
341,Donohoe,Miss Bridget,21,Queenstown,†
342,Dooly,Mr Patrick,38,Queenstown,†
343,Dorking,Mr Edward Arthur,18,Southampton,S
344,Dougherty,Mr William John,22,Queenstown,†
345,Douglas,Mr Walter Donald,50,Cherbourg,†
346,Douglas,Mrs Mahala,48,Cherbourg,S
347,Douglas,Mrs Mary Hélène,27,Cherbourg,S
348,Douton,Mr William Joseph,55,Southampton,†
349,Dowdell,Miss Elizabeth,31,Southampton,S
350,Doyle,Miss Elizabeth,28,Queenstown,†
351,Drazenovic,Mr Jozef,33,Cherbourg,†
352,Drew,Master Marshall Brines,8,Southampton,S
353,Drew,Mr James Vivian,42,Southampton,†
354,Drew,Mrs Maria Louisa Thorne,34,Southampton,S
355,Driscoll,Miss Bridget,27,Queenstown,S
356,Dropkin,Miss Jennie,24,Southampton,†
357,Duff Gordon,"Lucy Christiana, Lady",48,Cherbourg,S
358,Duff Gordon,Sir Cosmo Edmund,49,Cherbourg,S
359,Dulles,Mr William Crothers,39,Cherbourg,†
360,Duquemin,Mr Joseph Pierre,24,Southampton,S
361,Durán I Moné,Señora Asuncion,27,Cherbourg,S
362,Durán I Moné,Señora Florentina,30,Cherbourg,S
363,Dwan,Mr Frank,65,Queenstown,†
364,Dyker,Mr Adolf Fredrik,23,Southampton,†
365,Dyker,Mrs Anna Elisabeth Judith,22,Southampton,S
366,Earnshaw,Mrs Olive,23,Cherbourg,S
367,Edvardsson,Mr Gustaf Hjalmar,18,Southampton,†
368,Eitemiller,Mr George Floyd,25,Southampton,†
369,Eklund,Mr Hans Linus,16,Southampton,†
370,Ekström,Mr Amandus,45,Southampton,†
371,Elias,Mr Dibo,29,Cherbourg,†
372,Elias,Mr Joseph jr.,15,Cherbourg,†
373,Elias Nasrallah,Mr Tannous,22,Cherbourg,†
374,Elsbury,Mr William James,48,Southampton,†
375,Emanuel,Miss Virginia Ethel,5,Southampton,S
376,Enander,Mr Ingvar,21,Southampton,†
377,Endres,Miss Caroline Louise (Nurse to Mrs Madeleine Astor),39,Cherbourg,S
378,Estanislau,Mr Manuel Gonçalves,37,Southampton,†
379,Eustis,Miss Elizabeth Mussey,54,Cherbourg,S
380,Evans,Miss Edith Corse,36,Cherbourg,†
381,Everett,Mr Thomas James,38,Southampton,†
382,Fahlstrøm,Mr Arne Joma,18,Southampton,†
383,Fardon,Mr Charles Richard,45,Southampton,†
384,Farrell,Mr James,25,Queenstown,†
385,Farthing,Mr John (Manservant to Mr & Mrs Straus),57,Southampton,†
386,Faunthorpe,Mr Harry Bartram,41,Southampton,†
387,Fillbrook,Mr Joseph Charles,18,Southampton,†
388,Finoli,Mr Luigi,34,Southampton,S
389,Fischer,Mr Eberhard Thelander,18,Southampton,†
390,Flegenheim,Mrs Antoinette,48,Cherbourg,S
391,Fleming,Miss Honor,22,Queenstown,†
392,Fleming,Miss Margaret (Maid to Mr & Mrs Thayer),42,Cherbourg,S
393,Flynn,Mr James,28,Queenstown,†
394,Flynn,Mr John,42,Queenstown,†
395,Flynn,Mr John Irwin,36,Southampton,S
396,Foley,Mr Joseph,19,Queenstown,†
397,Foley,Mr William,20,Queenstown,†
398,Foo,Mr Choong,32,Southampton,S
399,Ford,Miss Dollina Margaret,20,Southampton,†
400,Ford,Miss Robina Maggie,7,Southampton,†
401,Ford,Mr Arthur,22,Southampton,†
402,Ford,Mr Edward Watson,18,Southampton,†
403,Ford,Mr William Neal Thomas,16,Southampton,†
404,Ford,Mrs Margaret Ann Watson,54,Southampton,†
405,Foreman,Mr Benjamin Laventall,30,Southampton,†
406,Fortune,Miss Alice Elizabeth,24,Southampton,S
407,Fortune,Miss Ethel Flora,28,Southampton,S
408,Fortune,Miss Mabel Helen,23,Southampton,S
409,Fortune,Mr Charles Alexander,19,Southampton,†
410,Fortune,Mr Mark,64,Southampton,†
411,Fortune,Mrs Mary,60,Southampton,S
412,Fox,Mr Patrick,28,Queenstown,†
413,Fox,Mr Stanley Harrington,38,Southampton,†
414,Francatelli,Miss Laura Mabel (Secretary to Lady Duff-Gordon),31,Cherbourg,S
415,Franklin,Mr Thomas Parnham,37,Southampton,†
416,Frauenthal,Dr Henry William,49,Southampton,S
417,Frauenthal,Mr Isaac Gerald,43,Cherbourg,S
418,Frauenthal,Mrs Clara,42,Southampton,S
419,Frost,Mr Anthony Wood,38,Belfast,†
420,Fry,Mr Richard (Valet to Mr Joseph Bruce Ismay),39,Southampton,†
421,Frölicher,Miss Hedwig Margaritha,22,Cherbourg,S
422,Frölicher-Stehli,Mr Maximilian Josef,60,Cherbourg,S
423,Frölicher-Stehli,Mrs Margaretha Emerentia,48,Cherbourg,S
424,Funk,Miss Annie Clemmer,38,Southampton,†
425,Futrelle,Mr Jacques Heath,37,Southampton,†
426,Futrelle,Mrs Lily May,35,Southampton,S
427,Fynney,Mr Joseph J.,35,Southampton,†
428,Gale,Mr Harry,38,Southampton,†
429,Gale,Mr Shadrach,33,Southampton,†
430,Gallagher,Mr Martin,29,Queenstown,†
431,Garfirth,Mr John,21,Southampton,†
432,Garside,Miss Ethel,39,Southampton,S
433,Gaskell,Mr William Alfred,19,Southampton,†
434,Gavey,Mr Laurence,26,Southampton,†
435,Gee,Mr Arthur H.,47,Southampton,†
436,George/Joseph,Mrs Shawneene,38,Cherbourg,S
437,Gerios Thamah,Mr Assaf,21,Cherbourg,†
438,Gheorgheff,Mr Stanio,NK,Cherbourg,†
439,Gibson,Miss Dorothy Winifred,22,Cherbourg,S
440,Gibson,Mrs Pauline Caroline,44,Cherbourg,S
441,Gieger,Miss Amalie (Maid to Mrs George Dunton Widener),35,Southampton,S
442,Giglio,Mr Victor Gaitan Andrea (Valet to Mr Benjamin Guggenheim),23,Cherbourg,†
443,Gilbert,Mr William,47,Southampton,†
444,Giles,Mr Edgar,21,Southampton,†
445,Giles,Mr Frederick Edward,20,Southampton,†
446,Giles,Mr Ralph,24,Southampton,†
447,Gilinski,Mr Eliezer,22,Southampton,†
448,Gill,Mr John,24,Southampton,†
449,Gillespie,Mr William Henry,31,Southampton,†
450,Gilnagh,Miss Katherine,17,Queenstown,S
451,Givard,Mr Hans Kristensen,30,Southampton,†
452,Glynn,Miss Mary Agatha,19,Queenstown,S
453,Goldenberg,Mr Samuel L.,47,Cherbourg,S
454,Goldenberg,Mrs Nella,40,Cherbourg,S
455,Goldschmidt,Mr George B.,71,Cherbourg,†
456,Goldsmith,Master Frank John William,9,Southampton,S
457,Goldsmith,Mr Frank John,33,Southampton,†
458,Goldsmith,Mr Nathan,41,Southampton,†
459,Goldsmith,Mrs Emily Alice,31,Southampton,S
460,Goodwin,Master Harold Victor,9,Southampton,†
461,Goodwin,Master Sidney Leslie,1,Southampton,†
462,Goodwin,Master William Frederick,11,Southampton,†
463,Goodwin,Miss Jessie Allis,10,Southampton,†
464,Goodwin,Miss Lillian Amy,16,Southampton,†
465,Goodwin,Mr Charles Edward,14,Southampton,†
466,Goodwin,Mr Frederick Joseph,42,Southampton,†
467,Goodwin,Mrs Augusta,43,Southampton,†
468,Gracie,Colonel Archibald,53,Southampton,S
469,Graham,Miss Margaret Edith,19,Southampton,S
470,Graham,Mr George Edward,38,Southampton,†
471,Graham,Mrs Edith,59,Southampton,S
472,Green,Mr George,40,Southampton,†
473,Greenberg,Mr Samuel,52,Southampton,†
474,Greenfield,Mr William Bertram,23,Cherbourg,S
475,Greenfield,Mrs Blanche,45,Cherbourg,S
476,Grønnestad,Mr Daniel Danielsen,32,Southampton,†
477,Guest,Mr Robert,23,Southampton,†
478,Guggenheim,Mr Benjamin,46,Cherbourg,†
479,Gustafsson,Mr Alfred Ossian,19,Southampton,†
480,Gustafsson,Mr Anders Vilhelm,37,Southampton,†
481,Gustafsson,Mr Johan Birger,28,Southampton,†
482,Gustafsson,Mr Karl Gideon,19,Southampton,†
483,Haas,Miss Aloisia,24,Southampton,†
484,Hagland,Mr Ingvald Olai Olsen,28,Southampton,†
485,Hagland,Mr Konrad Mathias Reiersen,19,Southampton,†
486,Hakkarainen,Mr Pekka Pietari,28,Southampton,†
487,Hakkarainen,Mrs Elin Matilda,24,Southampton,S
488,Hale,Mr Reginald,30,Southampton,†
489,Hampe,Mr Léon Jérome,19,Southampton,†
490,Hanna,Mr Boulos,18,Cherbourg,†
491,Hanna,Mr Mansour,35,Cherbourg,†
492,Hannah,Mr Borak,27,Cherbourg,S
493,Hansen,Mr Claus Peter,41,Southampton,†
494,Hansen,Mr Henrik Juul,26,Southampton,†
495,Hansen,Mr Henry Damsgaard,21,Southampton,†
496,Hansen,Mrs Jennie Louise,45,Southampton,S
497,Harbeck,Mr William H.,44,Southampton,†
498,Harder,Mr George Achilles,25,Cherbourg,S
499,Harder,Mrs Dorothy,21,Cherbourg,S
500,Hargadon,Miss Catherine,17,Queenstown,†
501,Harknett,Miss Alice Phoebe,21,Southampton,†
502,Harper,Miss Annie Jessie,6,Southampton,S
503,Harper,Mr Henry Sleeper,48,Cherbourg,S
504,Harper,Mrs Myra Raymond,49,Cherbourg,S
505,Harper,Reverend John,39,Southampton,†
506,Harrington,Mr Charles Henry (Manservant to Mr Clarence Bloomfield Moore),37,Southampton,†
507,Harris,Mr George,62,Southampton,S
508,Harris,Mr Henry Birkhardt,45,Southampton,†
509,Harris,Mr Walter,44,Southampton,†
510,Harris,Mrs Irene,35,Southampton,S
511,Harrison,Mr William Henry (Private secretary to Mr Joseph Bruce Ismay),45,Southampton,†
512,Hart,Miss Eva Miriam,7,Southampton,S
513,Hart,Mr Benjamin,47,Southampton,†
514,Hart,Mr Henry,28,Queenstown,†
515,Hart,Mrs Esther Ada,48,Southampton,S
516,Hartley,Mr Wallace Henry,33,Southampton,†
517,Hassab,Mr Hammad (Interpreter to Mr Henry Sleeper Harper),27,Cherbourg,S
518,Hawksford,Mr Walter James,45,Southampton,S
519,Hays,Miss Margaret Bechstein,24,Cherbourg,S
520,Hays,Mr Charles Melville,55,Southampton,†
521,Hays,Mrs Clara Jennings,52,Southampton,S
522,Head,Mr Christopher,42,Southampton,†
523,Healy,Miss Honor,29,Queenstown,S
524,Hedman,Mr Oskar Arvid,27,Southampton,S
525,Hee,Mr Ling,24,Southampton,S
526,Hegarty,Miss Hanora,18,Queenstown,†
527,Heikkinen,Miss Laina,26,Southampton,†
528,Heininen,Miss Wendla Maria,23,Southampton,†
529,Hellström,Miss Hilda Maria,22,Southampton,S
530,Hendekovic,Mr Ignjac,28,Southampton,†
531,Henriksson,Miss Jenny Lovisa,28,Southampton,†
532,Henry,Miss Bridget Delia,21,Queenstown,†
533,Herman,Miss Alice,23,Southampton,S
534,Herman,Miss Kate,23,Southampton,S
535,Herman,Mr Samuel,49,Southampton,†
536,Herman,Mrs Jane,48,Southampton,S
537,Hewlett,Mrs Mary Dunbar,56,Southampton,S
538,Hickman,Mr Leonard Mark,24,Southampton,†
539,Hickman,Mr Lewis,30,Southampton,†
540,Hickman,Mr Stanley George,20,Southampton,†
541,Hilliard,Mr Herbert Henry,44,Southampton,†
542,Hiltunen,Miss Marta,18,Southampton,†
543,Hipkins,Mr William Edward,55,Southampton,†
544,Hippach,Miss Jean Gertrude,17,Cherbourg,S
545,Hippach,Mrs Ida Sophia,44,Cherbourg,S
546,Hirvonen,Miss Hildur Elisabeth,2,Southampton,S
547,Hirvonen,Mrs Helga Elisabeth Lindqvist,22,Southampton,S
548,Hocking,Miss Ellen,20,Southampton,S
549,Hocking,Mr Richard George,23,Southampton,†
550,Hocking,Mr Samuel James Metcalfe,36,Southampton,†
551,Hocking,Mrs Eliza,54,Southampton,S
552,Hodges,Mr Henry Price,50,Southampton,†
553,Hogeboom,Mrs Anna Louisa,51,Cherbourg,S
554,Hold,Mr Stephen,44,Southampton,†
555,Hold,Mrs Annie Margaret,29,Southampton,S
556,Holm,Mr John Fredrik Alexander,43,Southampton,†
557,Holthen,Mr Johan Martin,28,Southampton,†
558,Holverson,Mr Alexander Oskar,42,Southampton,†
559,Holverson,Mrs Mary Aline,35,Southampton,S
560,Homer,Mr Harry,40,Southampton,S
561,Honkanen,Miss Eliina,27,Southampton,†
562,Hood,Mr Ambrose Jr,21,Southampton,†
563,Horgan,Mr John,22,Queenstown,†
564,Hosono,Mr Masabumi,41,Southampton,S
565,Howard,Miss May Elizabeth,26,Southampton,S
566,Howard,Mr Benjamin,63,Southampton,†
567,Howard,Mrs Ellen Truelove,61,Southampton,†
568,Hoyt,Mr Frederick Maxfield,38,Southampton,S
569,Hoyt,Mr William Fisher,42,Cherbourg,S
570,Hoyt,Mrs Jane Anne,31,Southampton,S
571,Humblen,Mr Adolf Mathias Nicolai Olsen,42,Southampton,†
572,Hume,Mr John Law,21,Southampton,†
573,Hunt,Mr George Henry,33,Southampton,†
574,Hyman,Mr Abraham Joseph,34,Southampton,S
575,Hämäläinen,Master Viljo Unto Johannes,7m,Southampton,S
576,Hämäläinen,Mrs Anna,23,Southampton,S
577,Ibrahim Shawah,Mr Yousseff,33,Cherbourg,†
578,Ibrāhīm,Mr Husayn Mahmūd Husayn,11,Cherbourg,†
579,Ibrāhīm,Mrs Sāfiyah,18,Cherbourg,S
580,Icard,Miss Rose Amélie (Maid to Mrs George Nelson Stone),39,Southampton,S
581,Ilett,Miss Bertha,17,Southampton,†
582,Ilieff,Mr Ylio,32,Southampton,†
583,Ilmakangas,Miss Ida Livija,27,Southampton,†
584,Ilmakangas,Miss Pieta Sofia,25,Southampton,†
585,Isham,Miss Ann Elizabeth,50,Cherbourg,†
586,Ismay,Mr Joseph Bruce,49,Southampton,S
587,Ivanoff,Mr Kanio,20,Southampton,†
588,Jabbur (Zabour),Miss Hileni,16,Cherbourg,†
589,Jabbur (Zabour),Miss Thamine,19,Cherbourg,†
590,Jacobsohn,Mr Sidney Samuel,42,Southampton,†
591,Jacobsohn,Mrs Amy Frances Christy,24,Southampton,S
592,Jalševac,Mr Ivan,29,Cherbourg,S
593,Jansson,Mr Carl Olof,21,Southampton,S
594,Jardim,Mr José Neto,21,Southampton,†
595,Jarvis,Mr Denzil John,47,Southampton,†
596,Jefferys,Mr Clifford Thomas,24,Southampton,†
597,Jefferys,Mr Ernest Wilfred,22,Southampton,†
598,Jenkin,Mr Stephen Curnow,32,Southampton,†
599,Jensen,Mr Hans Peder,20,Southampton,†
600,Jensen,Mr Niels Rasmus,48,Southampton,†
601,Jensen,Mr Svend Lauritz,17,Southampton,†
602,Jermyn,Miss Annie Jane,26,Queenstown,S
603,Jerwan,Mrs Marie Marthe,23,Cherbourg,S
604,Johannesen,Mr Bernt Johannes,29,Southampton,S
605,Johanson,Mr Jakob Alfred,34,Southampton,†
606,Johansson,Mr Erik,22,Southampton,†
607,Johansson,Mr Gustaf Joel,33,Southampton,†
608,Johansson,Mr Karl Johan,31,Southampton,†
609,Johansson,Mr Nils,29,Southampton,†
610,Johansson Palmquist,Mr Oskar Leander,26,Southampton,S
611,Johnson,Master Harold Theodor,4,Southampton,S
612,Johnson,Miss Eleanor Ileen,1,Southampton,S
613,Johnson,Mr August,49,Southampton,†
614,Johnson,Mr Malkolm Joackim,33,Southampton,†
615,Johnson,Mr William Cahoone Jr.,19,Southampton,†
616,Johnson,Mrs Elisabeth Vilhelmina,26,Southampton,S
617,Johnston,Master William Andrew,8,Southampton,†
618,Johnston,Miss Catherine Nellie,7,Southampton,†
619,Johnston,Mr Andrew Emslie,35,Southampton,†
620,Johnston,Mrs Eliza,36,Southampton,†
621,Jones,Mr Charles Cresson,46,Southampton,†
622,Jonkoff,Mr Lalio,23,Southampton,†
623,Jonsson,Mr Carl,25,Southampton,S
624,Joseph (Shahin),Mr Elias,39,Cherbourg,†
625,Julian,Mr Henry Forbes,50,Southampton,†
626,Jussila,Miss Katriina,20,Southampton,†
627,Jussila,Miss Mari Aina,21,Southampton,†
628,Jussila,Mr Eiriik,32,Southampton,S
629,Jönsson,Mr Nils Hilding,27,Southampton,†
630,Kallio,Mr Nikolai Erland,17,Southampton,†
631,Kalvik,Mr Johannes Halvorsen,21,Southampton,†
632,Kantor,Mr Sinai,34,Southampton,†
633,Kantor,Mrs Miriam,24,Southampton,S
634,Karajic,Mr Milan,30,Southampton,†
635,Karlsson,Mr Einar Gervasius,21,Southampton,S
636,Karlsson,Mr Julius Konrad Eugen,33,Southampton,†
637,Karlsson,Mr Nils August,22,Southampton,†
638,Karnes,Mrs Claire,28,Southampton,†
639,Karun,Miss Manca,4,Cherbourg,S
640,Karun,Mr Franz,39,Cherbourg,S
641,Katavelos,Mr Vasilios G.,19,Cherbourg,†
642,Keane,Miss Nora Agnes,46,Queenstown,S
643,Keane,Mr Andrew,23,Queenstown,†
644,Keane,Mr Daniel,35,Queenstown,†
645,Keefe,Mr Arthur,39,Southampton,†
646,Keeping,Mr Edwin Herbert (Manservant to Mr & Mrs Widener),33,Southampton,†
647,Kelly,Miss Anna Katherine,20,Queenstown,S
648,Kelly,Miss Mary,22,Queenstown,S
649,Kelly,Mr James,19,Southampton,†
650,Kelly,Mr James,44,Queenstown,†
651,Kelly,Mrs Fanny Maria,45,Southampton,S
652,Kennedy,Mr John,24,Queenstown,†
653,Kent,Mr Edward Austin,58,Cherbourg,†
654,Kenyon,Mr Frederick Roland,41,Southampton,†
655,Kenyon,Mrs Marion Estelle,40,Southampton,S
656,Khalil,Mr Betros,25,Cherbourg,†
657,Khalil,Mrs Zahie,20,Cherbourg,†
658,Kiernan,Mr John Joseph,25,Queenstown,†
659,Kiernan,Mr Philip,22,Queenstown,†
660,Kilgannon,Mr Thomas,22,Queenstown,†
661,Kimball,Mr Edwin Nelson Jr.,42,Southampton,S
662,Kimball,Mrs Susan Gertrude,45,Southampton,S
663,Kink,Miss Maria,22,Southampton,†
664,Kink,Mr Anton,29,Southampton,S
665,Kink,Mr Vincenz,26,Southampton,†
666,Kink-Heilmann,Miss Luise Gretchen,4,Southampton,S
667,Kink-Heilmann,Mrs Luise,26,Southampton,S
668,Kirkland,Father Charles Leonard,52,Queenstown,†
669,Klaber,Mr Herman,41,Southampton,†
670,Klasén,Miss Gertrud Emilia,1,Southampton,†
671,Klasén,Mr Klas Albin,18,Southampton,†
672,Klasén,Mrs Hulda Kristina Eugenia,36,Southampton,†
673,Knight,Mr Robert,39,Belfast,†
674,Kraeff,Mr Theodor,NK,Cherbourg,†
675,Krekorian,Mr Neshan,25,Cherbourg,S
676,Kreuchen,Miss Emilie (Maid to Mrs Edward Scott Robert),29,Southampton,S
677,Krins,Mr Georges Alexandre,23,Southampton,†
678,Kutscher (Lithman),Mr Simon,26,Southampton,†
679,Kvillner,Mr Johan Henrik Johannesson,31,Southampton,†
680,Lahhūd Ishaq Mu’Awwad,MrSark īs,30,Cherbourg,†
681,Lahtinen,Father William,35,Southampton,†
682,Lahtinen,Mrs Anna Amelia,34,Southampton,†
683,Laitinen,Miss Kristina Sofia,37,Southampton,†
684,Lam,Mr Ali,38,Southampton,S
685,Lam,Mr Len,23,Southampton,†
686,Lamb,Mr John J.,30,Queenstown,†
687,Landergren,Miss Aurora Adelia,22,Southampton,S
688,Lane,Mr Patrick,16,Queenstown,†
689,Lang,Mr Fang,32,Southampton,S
690,Laroche,Miss Louise,1,Cherbourg,S
691,Laroche,Miss Simonne Marie Anne Andrée,3,Cherbourg,S
692,Laroche,Mr Joseph Philippe Lemercier,25,Cherbourg,†
693,Laroche,Mrs Juliette Marie Louise,22,Cherbourg,S
694,Larsson,Mr August Viktor,29,Southampton,†
695,Larsson,Mr Bengt Edvin,29,Southampton,†
696,Larsson,Mr Edvard,22,Southampton,†
697,Leader,Dr Alice May,49,Southampton,S
698,Lefebvre,Master Henry,5,Southampton,†
699,Lefebvre,Miss Ida,3,Southampton,†
700,Lefebvre,Miss Jeannie,8,Southampton,†
701,Lefebvre,Miss Mathilde,12,Southampton,†
702,Lefebvre,Mrs Frances Marie,40,Southampton,†
703,Lehmann,Miss Bertha,17,Cherbourg,S
704,Leinonen,Mr Antti Gustaf,32,Southampton,†
705,Leitch,Miss Jessie Wills,31,Southampton,S
706,Lemore,Mrs Amelia,46,Southampton,S
707,Lennon,Mr Denis,20,Queenstown,†
708,Leroy,Miss Berthe (Maid to Mrs Walter Donald Douglas),27,Cherbourg,S
709,Lester,Mr James,26,Southampton,†
710,Lesueur,Mr Gustave J. (Manservant to Mr Thomas Cardeza),35,Cherbourg,S
711,Lewy,Mr Ervin G.,30,Cherbourg,†
712,Leyson,Mr Robert William Norman,25,Southampton,†
713,Lievens,Mr René Aimé,24,Southampton,†
714,Lindahl,Miss Agda Thorilda Viktoria,25,Southampton,†
715,Lindblom,Miss Augusta Charlotta,45,Southampton,†
716,Lindeberg-Lind,Mr Erik Gustaf,42,Southampton,†
717,Lindell,Mr Edvard Bengtsson,36,Southampton,S
718,Lindell,Mrs Elin Gerda,30,Southampton,S
719,Lindqvist,Mr Eino William,20,Southampton,S
720,Lindström,Mrs Sigrid,55,Cherbourg,S
721,Linehan,Mr Michael,21,Queenstown,†
722,Lines,Miss Mary Conover,16,Cherbourg,S
723,Lines,Mrs Elizabeth Lindsey,50,Cherbourg,S
724,Ling,Mr Lee,28,Southampton,†
725,Lingane,Mr John,61,Queenstown,†
726,Linhart,Mr Wenzel,27,Southampton,†
727,Livshin,Mr David,25,Southampton,S
728,Lobb,Mr William Arthur,30,Southampton,†
729,Lobb,Mrs Cordelia K.,26,Southampton,†
730,Lockyer,Mr Edward Thomas,19,Southampton,†
731,Long,Mr Milton Clyde,29,Southampton,†
732,Longley,Miss Gretchen Fiske,21,Cherbourg,S
733,Loring,Mr Joseph Holland,30,Southampton,†
734,Louch,Mr Charles,50,Southampton,†
735,Louch,Mrs Alice Adelaide,42,Southampton,†
736,Lovell,Mr John Hall,20,Southampton,†
737,Lulic,Mr Nikola,29,Southampton,S
738,Lundahl,Mr Johan Svensson,51,Southampton,†
739,Lundin,Miss Olga Elida,23,Southampton,S
740,Lundström,Mr Thure Edvin,32,Southampton,S
741,Lurette,Miss Eugénie Elise (Maid to Mr & Mrs Spencer),59,Cherbourg,S
742,Lymperopoulus,Mr Panagiotis K.,30,Cherbourg,†
743,Lyntakoff,Mr Stanko,44,Southampton,†
744,Lévy,Mr René Jacques,36,Southampton,†
745,Mack,Mrs Mary,57,Southampton,†
746,Mackay,Mr George William,20,Southampton,†
747,Madigan,Miss Margaret,21,Queenstown,S
748,Madill,Miss Georgette Alexandra,16,Southampton,S
749,Madsen,Mr Fridtjof Arne,24,Southampton,S
750,Maguire,Mr John Edward,30,Southampton,†
751,Mahon,Miss Bridget Delia,20,Queenstown,†
752,Maioni,Miss Roberta Elizabeth Mary (Maid to the Countess of Rothes),19,Southampton,S
753,Maisner,Mr Simon,34,Southampton,†
754,Malachard,Mr Jean-Noël,25,Cherbourg,†
755,Mallet,Master André Clement,1,Cherbourg,S
756,Mallet,Mr Albert Denis Pierre,45,Cherbourg,†
757,Mallet,Mrs Antonine Marie,24,Cherbourg,S
758,Mangan,Miss Mary,32,Queenstown,†
759,Mangiavacchi,Mr Serafino Emilio,30,Cherbourg,†
760,Mannion,Miss Margaret,28,Queenstown,S
761,Mardirosian,Mr Sarkis,25,Cherbourg,†
762,Marinko,Mr Dmitri,23,Southampton,†
763,Markoff,Mr Marin,35,Southampton,†
764,Markun,Mr Johann,33,Cherbourg,†
765,Marvin,Mr Daniel Warner,18,Southampton,†
766,Marvin,Mrs Mary Graham Carmichael,18,Southampton,S
767,Maréchal,Mr Pierre,29,Cherbourg,S
768,Matinoff,Mr Nicola,30,Cherbourg,†
769,Matthews,Mr William John,23,Southampton,†
770,Maybery,Mr Frank Hubert,36,Southampton,†
771,Mayné,Mlle Berthe Antonine,24,Cherbourg,S
772,McCaffry,Mr Thomas Francis,46,Southampton,†
773,McCarthy,Miss Catherine,24,Queenstown,S
774,McCarthy,Mr Timothy J.,54,Southampton,†
775,McCormack,Mr Thomas Joseph,19,Queenstown,†
776,McCoy,Miss Agnes,29,Queenstown,S
777,McCoy,Miss Alice,26,Queenstown,S
778,McCoy,Mr Bernard,24,Queenstown,S
779,McCrae,Mr Arthur Gordon,32,Southampton,†
780,McCrie,Mr James Matthew,32,Southampton,†
781,McDermott,Miss Bridget Delia,31,Queenstown,S
782,McEvoy,Mr Michael,19,Queenstown,†
783,McGough,Mr James Robert,35,Southampton,S
784,McGovern,Ms Mary,22,Queenstown,S
785,McGowan,Miss Anna Louise,17,Queenstown,†
786,McGowan,Miss Catherine,42,Queenstown,†
787,McKane,Mr Peter Daniel,46,Southampton,†
788,McMahon,Mr Martin,19,Queenstown,†
789,McNamee,Mr Neal,27,Southampton,†
790,McNamee,Mrs Eileen,19,Southampton,†
791,McNeill,Miss Bridget,32,Queenstown,†
792,Meanwell,Mrs Marian,62,Southampton,†
793,Meehan,Mr John,22,Queenstown,†
794,Meek,Mrs Annie Louisa,31,Southampton,†
795,Mellinger,Miss Violet Madeline,13,Southampton,S
796,Mellinger,Mrs Elizabeth Anne,41,Southampton,S
797,Mellors,Mr William John,19,Southampton,S
798,Meo (Martino),Mr Alfonzo,48,Southampton,†
799,Mernagh,Mr Robert,28,Queenstown,†
800,Meyer,Mr August,31,Southampton,†
801,Meyer,Mr Edgar Joseph,28,Cherbourg,†
802,Meyer,Mrs Leila,25,Cherbourg,S
803,Midtsjø,Mr Karl Albert,21,Southampton,S
804,Mihoff,Mr Stoytcho,28,Southampton,†
805,Miles,Mr Frank,23,Southampton,†
806,Millet,Mr Francis Davis,65,Cherbourg,†
807,Milling,Mr Jacob Christian,48,Southampton,†
808,Minahan,Dr William Edward,44,Queenstown,†
809,Minahan,Miss Daisy E.,33,Queenstown,S
810,Minahan,Mrs Lillian E.,37,Queenstown,S
811,Mineff,Mr Ivan,24,Southampton,†
812,Minkoff,Mr Lazar,21,Southampton,†
813,Mitchell,Mr Henry Michael,71,Southampton,†
814,Mitkoff,Mr Mito,23,Southampton,†
815,Mock,Mr Philipp Edmund,30,Cherbourg,S
816,Mockler,Miss Ellen Mary,23,Queenstown,S
817,Moen,Mr Sigurd Hansen,27,Southampton,†
818,Molson,Mr Harry Markland,55,Southampton,†
819,Montvila,Father Juozas,27,Southampton,†
820,Moor,Master Meier,7,Southampton,S
821,Moor,Mrs Beila,29,Southampton,S
822,Moore,Mr Clarence Bloomfield,47,Southampton,†
823,Moore,Mr Leonard Charles,19,Southampton,†
824,Moran,Miss Bridget,28,Queenstown,S
825,Moran,Mr Daniel J.,27,Queenstown,†
826,Moraweck,Dr Ernest,54,Southampton,†
827,Morley,Mr Henry Samuel,38,Southampton,†
828,Morley,Mr William,34,Southampton,†
829,Morrow,Mr Thomas Rowan,30,Queenstown,†
830,Moss,Mr Albert Johan,29,Southampton,S
831,Moussa,Mrs Mantoura Boulos,35,Cherbourg,†
832,Moutal,Mr Rahamin Haim,28,Southampton,†
833,Mubārik,Master Hal īm,4,Cherbourg,S
834,Mubārik,Master Jirjis,7,Cherbourg,S
835,Mubārik,Mrs Am īnah,24,Cherbourg,S
836,Mudd,Mr Thomas Cupper,16,Southampton,†
837,Mullin,Miss Catherine,21,Queenstown,S
838,Mullin,Miss Mary (Lennon),18,Queenstown,†
839,Mulvihill,Miss Bridget Elizabeth,25,Queenstown,S
840,Murdlin,Mr Joseph,22,Southampton,†
841,Murphy,Miss Catherine,18,Queenstown,S
842,Murphy,Miss Margaret Jane,25,Queenstown,S
843,Murphy,Miss Nora,34,Queenstown,S
844,Muslamān ī,Mrs Fat īmah Muhammad,22,Cherbourg,S
845,Myhrman,Mr Pehr Fabian Oliver Malkolm,18,Southampton,†
846,Myles,Mr Thomas Francis,63,Queenstown,†
847,Mäenpää,Mr Matti Alexanteri,22,Southampton,†
848,Mäkinen,Mr Kalle Edvard,29,Southampton,†
849,Māmā,Mr Hannā Mikā’ īl,18,Cherbourg,S
850,N īqūla Yārid,Master Ilyās,11,Cherbourg,S
851,N īqūla Yārid,Miss Jamilah,14,Cherbourg,S
852,Naidenoff,Mr Penko,22,Southampton,†
853,Najib Kiamie,Miss Adele,15,Cherbourg,S
854,Nakhli,Mr Toufik,17,Cherbourg,†
855,Nakid,Miss Maria,1,Cherbourg,S
856,Nakid,Mr Sahid,20,Cherbourg,S
857,Nakid,Mrs Waika,19,Cherbourg,S
858,Nancarrow,Mr William Henry,36,Southampton,†
859,Nankoff,Mr Minko,32,Southampton,†
860,Nasr ‘Almā,Mr Mustafà,20,Cherbourg,†
861,Nasser,Mr Nicholas,28,Cherbourg,†
862,Nasser,Mrs Adele,14,Cherbourg,†
863,Nassr Rizq,Mr Saade,20,Cherbourg,†
864,Natsch,Mr Charles,36,Cherbourg,†
865,Naughton,Miss Hannah,21,Queenstown,†
866,Navratil,Master Edmond Roger,2,Southampton,S
867,Navratil,Master Michel Marcel,3,Southampton,S
868,Navratil,Mr Michel,32,Southampton,†
869,Nenkov,Mr Hristo,22,Southampton,†
870,Nesson,Mr Israel,26,Southampton,†
871,Newell,Miss Madeleine,31,Cherbourg,S
872,Newell,Miss Marjorie Anne,23,Cherbourg,S
873,Newell,Mr Arthur Webster,58,Cherbourg,†
874,Newsom,Miss Helen Monypeny,19,Southampton,S
875,Nicholls,Mr Joseph Charles,19,Southampton,†
876,Nicholson,Mr Arthur Ernest,59,Southampton,†
877,Nieminen,Miss Manta Josefina,29,Southampton,†
878,Niklasson,Mr Samuel,28,Southampton,†
879,Nilsson,Miss Berta Olivia,18,Southampton,S
880,Nilsson,Miss Helmina Josefina,26,Southampton,S
881,Nilsson,Mr August Ferdinand,21,Southampton,†
882,Nirva,Mr Iisakki Antino äijö,41,Southampton,†
883,Niskänen,Mr Juha,39,Southampton,S
884,Nofal,Mr Mansouer,20,Cherbourg,†
885,Norman,Mr Robert Douglas,27,Southampton,†
886,Nosworthy,Mr Richard Cater,21,Southampton,†
887,Nourney,Mr Alfred,20,Cherbourg,S
888,Nye,Mrs Elizabeth,29,Southampton,S
889,Nysten,Miss Anna Sofia,22,Southampton,S
890,Nysveen,Mr Johan Hansen,60,Southampton,†
891,Oliva Y Ocana,Doña Fermina (Maid to Mrs Victor de Satode Peñasco y Castellana),39,Cherbourg,S
892,Olsen,Master Artur Karl,9,Southampton,S
893,Olsen,Mr Henry Margido,28,Southampton,†
894,Olsen,Mr Karl Siegwart Andreas,42,Southampton,†
895,Olsen,Mr Ole Martin,27,Southampton,†
896,Olsson,Miss Elina,31,Southampton,†
897,Olsson,Mr Nils Johan Göransson,28,Southampton,†
898,Olsson,Mr Oscar Wilhelm,32,Southampton,S
899,Olsvigen,Mr Thor Anderson,20,Southampton,†
900,Omont,Mr Alfred Fernand,29,Cherbourg,S
901,Oreskovic,Miss Jelka,23,Southampton,†
902,Oreskovic,Miss Marija,20,Southampton,†
903,Oreskovic,Mr Luka,20,Southampton,†
904,Ostby,Mr Engelhart Cornelius,64,Southampton,†
905,Osén,Mr Olaf Elon,16,Southampton,†
906,Otter,Mr Richard,38,Southampton,†
907,Oviés Y Rodríguez,Mr Servando José Florentino,36,Cherbourg,†
908,Oxenham,Mr Percy Thomas,22,Southampton,S
909,O’Brien,Mr Denis,21,Queenstown,†
910,O’Brien,Mr Thomas,27,Queenstown,†
911,O’Brien,Mrs Johanna,26,Queenstown,†
912,O’Connell,Mr Patrick Denis,17,Queenstown,†
913,O’Connor,Mr Maurice,16,Queenstown,†
914,O’Connor,Mr Patrick,23,Queenstown,†
915,O’Dwyer,Miss Ellen,25,Queenstown,S
916,O’Keefe,Mr Patrick,21,Queenstown,S
917,O’Leary,Miss Hanora,16,Queenstown,S
918,O’Sullivan,Miss Bridget Mary,21,Queenstown,†
919,Padron Manent,Mr Julian,26,Cherbourg,S
920,Pain,Dr Alfred,23,Southampton,†
921,Pallàs I Castelló,Señor Emili,29,Cherbourg,S
922,Panula,Master Eino Viljam,1,Southampton,†
923,Panula,Master Jaako Arnold,14,Southampton,†
924,Panula,Master Juha Niilo,7,Southampton,†
925,Panula,Master Urho Abraham,2,Southampton,†
926,Panula,Mr Ernesti Arvid,16,Southampton,†
927,Panula,Mrs Maija Emelia Abrahamintytar,41,Southampton,†
928,Parker,Mr Clifford Richard,17,Southampton,†
929,Parkes,Mr Francis,21,Belfast,†
930,Parr,Mr William Henry Marsh,29,Belfast,†
931,Parrish,Mrs Lutie Davis,59,Southampton,S
932,Partner,Mr Austin,40,Southampton,†
933,Pasic,Mr Jakob,21,Southampton,†
934,Patchett,Mr George,19,Southampton,†
935,Pavlovic,Mr Stefo,32,Southampton,†
936,Payne,Mr Vivian Ponsonby (Private secretary to Mr Charles Melville Hays),22,Southampton,†
937,Peacock,Master Albert Edward,7m,Southampton,†
938,Peacock,Miss Treasteall,3,Southampton,†
939,Peacock,Mrs Edith,26,Southampton,†
940,Pearce,Mr Ernest,32,Southampton,†
941,Pears,Mr Thomas Clinton,29,Southampton,†
942,Pears,Mrs Edith,22,Southampton,S
943,Pedersen,Mr Olaf,28,Southampton,†
944,Peduzzi,Mr Giuseppe,24,Southampton,†
945,Pekoniemi,Mr Edvard,21,Southampton,†
946,Peltomäki,Mr Nikolai Johannes,25,Southampton,†
947,Pengelly,Mr Frederick William,19,Southampton,†
948,Perkin,Mr John Henry,22,Southampton,†
949,Pernot,Mr René,39,Cherbourg,†
950,Perreault,Miss Mary Anne (Maid to Mrs Charles Melville Hays),33,Southampton,S
951,Persson,Mr Ernst Ulrik,25,Southampton,S
952,Peruschitz,Father Josef,41,Southampton,†
953,Peter/Joseph,Master Michael J.,4,Cherbourg,S
954,Peter/Joseph,Miss Anna,2,Cherbourg,S
955,Peteranec,Miss Mathilda,28,Southampton,†
956,Peters,Miss Catherine,26,Queenstown,†
957,Petersen,Mr Marius,24,Southampton,†
958,Petroff,Mr Nedialco,19,Southampton,†
959,Petroff,Mr Pastcho,29,Southampton,†
960,Pettersson,Miss Elin Natalia,18,Southampton,†
961,Pettersson,Mr Johan Emil,25,Southampton,†
962,Peuchen,Major Arthur Godfrey,52,Southampton,S
963,Peñasco Y Castellana,Mr Victor,24,Cherbourg,†
964,Peñasco Y Castellana,Mrs Maria Josefa Perezde Soto y Vallejo,22,Cherbourg,S
965,Phillips,Miss Alice Frances Louisa,21,Southampton,S
966,Phillips,Miss Kate Florence,19,Southampton,S
967,Phillips,Mr Escott Robert,42,Southampton,†
968,Picard,Mr Benoît,32,Southampton,S
969,Pinsky,Mrs Rosa,32,Southampton,S
970,Plotcharsky,Mr Vasil,27,Southampton,†
971,Pokrnic,Mr Mate,17,Southampton,†
972,Pokrnic,Mr Tome,24,Southampton,†
973,Ponesell,Mr Martin,24,Southampton,†
974,Portaluppi,Mr Emilio Ilario Giuseppe,30,Cherbourg,S
975,Porter,Mr Walter Chamberlain,46,Southampton,†
976,Potter,Mrs Lily Alexenia,56,Cherbourg,S
977,Pulbaum,Mr Franz,27,Cherbourg,†
978,Pulner,Mr Uscher,16,Cherbourg,†
979,Pålsson,Master Gösta Leonard,2,Southampton,†
980,Pålsson,Master Paul Folke,6,Southampton,†
981,Pålsson,Miss Stina Viola,3,Southampton,†
982,Pålsson,Miss Torborg Danira,8,Southampton,†
983,Pålsson,Mrs Alma Cornelia,29,Southampton,†
984,Quick,Miss Phyllis May,2,Southampton,S
985,Quick,Miss Winifred Vera,8,Southampton,S
986,Quick,Mrs Jane,33,Southampton,S
987,Radeff,Mr Alexander,27,Southampton,†
988,Rafūl-Būlus,Mr Bākhūs,20,Cherbourg,†
989,Rasmussen,Mrs Lena Jakobsen,63,Southampton,†
990,Razi,Mr Raihed,30,Cherbourg,†
991,Reed,Mr James George,19,Southampton,†
992,Reeves,Mr David,36,Southampton,†
993,Rekic,Mr Tido,38,Southampton,†
994,Renouf,Mr Peter Henry,33,Southampton,†
995,Renouf,Mrs Lillian,30,Southampton,†
996,Reuchlin,Mr Jonkheer Johan George,38,Cherbourg,†
997,Reynalds,Señora Encarnación,28,Southampton,S
998,Reynolds,Mr Harold,21,Southampton,†
999,Rheims,Mr George Alexander Lucien,33,Cherbourg,S
1000,Rice,Master Albert,10,Queenstown,†
1001,Rice,Master Arthur,4,Queenstown,†
1002,Rice,Master Eric,7,Queenstown,†
1003,Rice,Master Eugene Francis,2,Queenstown,†
1004,Rice,Master George Hugh,8,Queenstown,†
1005,Rice,Mrs Margaret,39,Queenstown,†
1006,Richard,Mr Emile Phillippe,23,Cherbourg,†
1007,Richards,Master Sibley George,9m,Southampton,S
1008,Richards,Master William Rowe,3,Southampton,S
1009,Richards,Mrs Emily,24,Southampton,S
1010,Ridsdale,Miss Lucy,58,Southampton,S
1011,Righini,Mr Sante (Manservant to Mrs John Stewart White),22,Cherbourg,†
1012,Riihivuori,Miss Susanna Juhantytär,22,Southampton,†
1013,Rintamäki,Mr Matti,35,Southampton,†
1014,Riordan,Miss Hannah,18,Queenstown,S
1015,Risien,Mr Samuel Beard,69,Southampton,†
1016,Risien,Mrs Emma Jane,58,Southampton,†
1017,Robert,Mrs Elisabeth Walton,43,Southampton,S
1018,Robins,Mr Alexander A.,50,Southampton,†
1019,Robins,Mr Victor (Valet to Mr John Jacob Astor),42,Cherbourg,†
1020,Robins,Mrs Charity,47,Southampton,†
1021,Roebling,Mr Washington Augustus II,31,Southampton,†
1022,Rogers,Mr Reginald Harry,18,Southampton,†
1023,Rogers,Mr William John,29,Southampton,†
1024,Romaine,Mr Charles Hallace,45,Southampton,S
1025,Rommetvedt,Mr Knud Paust,49,Southampton,†
1026,Rood,Mr Hugh Roscoe,39,Southampton,†
1027,Rosblom,Miss Salli Helena,2,Southampton,†
1028,Rosblom,Mr Viktor Richard,18,Southampton,†
1029,Rosblom,Mrs Helena Wilhelmina,41,Southampton,†
1030,Rosenbaum,Miss Edith Louise,33,Cherbourg,S
1031,Rosenshine,Mr George,46,Cherbourg,†
1032,Ross,Mr John Hugo,36,Southampton,†
1033,Roth,Miss Sarah,31,Southampton,S
1034,Rothes,"Lucy Noël Martha, Countess of",33,Southampton,S
1035,Rothschild,Mr Martin,46,Cherbourg,†
1036,Rothschild,Mrs Elizabeth Jane Anne,54,Cherbourg,S
1037,Rouse,Mr Richard Henry,53,Southampton,†
1038,Rowe,Mr Alfred G.,59,Southampton,†
1039,Rugg,Miss Emily,21,Southampton,S
1040,Rush,Mr Alfred George John,17,Southampton,†
1041,Ryan,Mr Edward,24,Queenstown,S
1042,Ryan,Mr Patrick,30,Queenstown,†
1043,Ryerson,Master John Borie,13,Cherbourg,S
1044,Ryerson,Miss Emily Borie,18,Cherbourg,S
1045,Ryerson,Miss Susan Parker “Suzette”,21,Cherbourg,S
1046,Ryerson,Mr Arthur Larned,61,Cherbourg,†
1047,Ryerson,Mrs Emily Maria,48,Cherbourg,S
1048,Saad,Mr Amin,30,Cherbourg,†
1049,Saad,Mr Khalil,27,Cherbourg,†
1050,Saalfeld,Mr Adolphe,47,Southampton,S
1051,Sadlier,Mr Matthew,18,Queenstown,†
1052,Sadowitz,Mr Henry,17,Southampton,†
1053,Sage,Master Anthony William,12,Southampton,†
1054,Sage,Master Thomas Henry,4,Southampton,†
1055,Sage,Miss Constance Gladys,7,Southampton,†
1056,Sage,Miss Dorothy,14,Southampton,†
1057,Sage,Miss Elizabeth Ada,10,Southampton,†
1058,Sage,Miss Stella Anne,20,Southampton,†
1059,Sage,Mr Douglas Bullen,18,Southampton,†
1060,Sage,Mr Frederick,16,Southampton,†
1061,Sage,Mr George John,19,Southampton,†
1062,Sage,Mr John George,44,Southampton,†
1063,Sage,Mrs Annie Elizabeth,44,Southampton,†
1064,Salander,Mr Karl Johan,24,Southampton,†
1065,Salkjelsvik,Miss Anna Kristine,21,Southampton,S
1066,Salomon,Mr Abraham Lincoln,43,Cherbourg,S
1067,Salonen,Mr Johan Werner,29,Southampton,†
1068,Samaan,Mr Elias,17,Cherbourg,†
1069,Samaan,Mr Hanna Elias,40,Cherbourg,†
1070,Samaan,Mr Youssef,16,Cherbourg,†
1071,Sandström,Miss Beatrice Irene,1,Southampton,S
1072,Sandström,Miss Marguerite Rut,4,Southampton,S
1073,Sandström,Mrs Agnes Charlotta,24,Southampton,S
1074,Sap,Mr Julius,21,Southampton,S
1075,Saundercock,Mr William Henry,19,Southampton,†
1076,Sawyer,Mr Frederick Charles,33,Southampton,†
1077,Scanlan,Mr James,22,Queenstown,†
1078,Schabert,Mrs Emma,35,Cherbourg,S
1079,Scheerlinck,Mr Jean,29,Southampton,S
1080,Schmidt,Mr Augustus,21,Southampton,†
1081,Sdycoff,Mr Todor,42,Southampton,†
1082,Sedgwick,Mr Charles Frederick Waddington,28,Southampton,†
1083,Seman,Master Betros,10,Cherbourg,†
1084,Serreplan,Miss Auguste (Maid to Mrs William Carter),30,Southampton,S
1085,Seward,Mr Frederic Kimber,34,Southampton,S
1086,Shannon,Mr Andrew John,36,Southampton,†
1087,Sharp,Mr Percival,27,Southampton,†
1088,Shaughnessy,Mr Patrick,24,Queenstown,†
1089,Shedid,Mr Daher,19,Cherbourg,†
1090,Shellard,Mr Frederick William Blainey,55,Southampton,†
1091,Shelley,Mrs Imanita Parrish,25,Southampton,S
1092,Shihāb,Mr Al-Am īr Fāris,29,Cherbourg,†
1093,Shine,Miss Ellen,20,Queenstown,†
1094,Shorney,Mr Charles Joseph,22,Southampton,†
1095,Shutes,Miss Elizabeth Weed (Governess to Miss Margaret Edith Graham),40,Southampton,S
1096,Silverthorne,Mr Spencer Victor,35,Southampton,S
1097,Silvey,Mr William Baird,51,Cherbourg,†
1098,Silvey,Mrs Alice Gray,39,Cherbourg,S
1099,Silvén,Miss Lyyli Karoliina,17,Southampton,S
1100,Simmons,Mr John,40,Southampton,†
1101,Simonius-Blumer,Mr Colonel (Oberst) Alfons,56,Southampton,S
1102,Sincock,Miss Maude,20,Southampton,S
1103,Sinkkonen,Miss Anna,29,Southampton,S
1104,Sirayanian,Mr Orsen,22,Cherbourg,†
1105,Sirota,Mr Morris,20,Southampton,†
1106,Sivic,Mr Husein,40,Southampton,†
1107,Sivola,Mr Antti Wilhelm,21,Southampton,†
1108,Sjöblom,Miss Anna Sofia,18,Southampton,S
1109,Sjöstedt,Mr Ernst Adolf,59,Southampton,†
1110,Skoog,Master Harald,5,Southampton,†
1111,Skoog,Master Karl Thorsten,11,Southampton,†
1112,Skoog,Miss Mabel,9,Southampton,†
1113,Skoog,Miss Margit Elizabeth,2,Southampton,†
1114,Skoog,Mr Wilhelm Johansson,40,Southampton,†
1115,Skoog,Mrs Anna Bernhardina,43,Southampton,†
1116,Slabenoff,Mr Petco,42,Southampton,†
1117,Slayter,Miss Hilda Mary,30,Queenstown,S
1118,Slemen,Mr Richard James,35,Southampton,†
1119,Slocovski,Mr Selman Francis,20,Southampton,†
1120,Sloper,Mr William Thompson,28,Southampton,S
1121,Smart,Mr John Montgomery,56,Southampton,†
1122,Smiljanic,Mr Mile,37,Southampton,†
1123,Smith,Miss Marion Elsie,39,Southampton,S
1124,Smith,Mr James Clinch,56,Cherbourg,†
1125,Smith,Mr Lucian Philip,24,Cherbourg,†
1126,Smith,Mr Richard William,57,Southampton,†
1127,Smith,Mrs Mary Eloise,18,Cherbourg,S
1128,Smyth,Miss Julia,17,Queenstown,S
1129,Smyth,Mr Thomas,26,Queenstown,†
1130,Snyder,Mr John Pillsbury,24,Southampton,S
1131,Snyder,Mrs Nelle,23,Southampton,S
1132,Sobey,Mr Samuel James Hayden,25,Southampton,†
1133,Somerton,Mr Francis William,30,Southampton,†
1134,Spector,Mr Woolf,23,Southampton,†
1135,Spedden,Master Robert Douglas,6,Cherbourg,S
1136,Spedden,Mr Frederic Oakley,45,Cherbourg,S
1137,Spedden,Mrs Margaretta Corning “Daisy”,39,Cherbourg,S
1138,Spencer,Mr William Augustus,57,Cherbourg,†
1139,Spencer,Mrs Marie Eugenie,45,Cherbourg,S
1140,Spinner,Mr Henry John,32,Southampton,†
1141,Staneff,Mr Ivan,23,Southampton,†
1142,Stankovic,Mr Ivan,33,Cherbourg,†
1143,Stanley,Miss Amy Zillah Elsie,24,Southampton,S
1144,Stanley,Mr Edward Roland,21,Southampton,†
1145,Stanton,Mr Samuel Ward,42,Cherbourg,†
1146,Stead,Mr William Thomas,62,Southampton,†
1147,Stengel,Mr Charles Emil Henry,54,Cherbourg,S
1148,Stengel,Mrs Annie May,44,Cherbourg,S
1149,Stephenson,Mrs Martha,52,Cherbourg,S
1150,Stewart,Mr Albert Ankeny,64,Cherbourg,†
1151,Stokes,Mr Philip Joseph,25,Southampton,†
1152,Stone,Mrs Martha Evelyn,62,Southampton,S
1153,Storey,Mr Thomas,51,Southampton,†
1154,Stoytcheff,Mr Ilia,19,Southampton,†
1155,Strandberg,Miss Ida Sofia,22,Southampton,†
1156,Strandén,Mr Juho Niilosson,31,Southampton,S
1157,Straus,Mr Isidor,67,Southampton,†
1158,Straus,Mrs Rosalie Ida,63,Southampton,†
1159,Strilic,Mr Ivan,27,Southampton,†
1160,Ström,Miss Telma Matilda,2,Southampton,†
1161,Ström,Mrs Elna Matilda,29,Southampton,†
1162,Stähelin-Maeglin,Dr Max,32,Southampton,S
1163,Sunderland,Mr Victor Francis,20,Southampton,S
1164,Sundman,Mr Johan Julian,44,Southampton,S
1165,Sutehall,Mr Henry Jr,25,Southampton,†
1166,Sutton,Mr Frederick,61,Southampton,†
1167,Svensson,Mr Johan,74,Southampton,†
1168,Svensson,Mr Johan Cervin,14,Southampton,S
1169,Svensson,Mr Olof,24,Southampton,†
1170,Swane,Mr George,19,Southampton,†
1171,Sweet,Mr George Frederick,14,Southampton,†
1172,Swift,Mrs Margaret Welles,46,Southampton,S
1173,Sägesser,Mlle Emma (Maid to Mme. Léontine Pauline Aubart),24,Cherbourg,S
1174,Sæther,Mr Simon Sivertsen,43,Southampton,†
1175,Søholt,Mr Peter Andreas Lauritz Andersen,19,Southampton,†
1176,Tannūs,Master As’ad,5m,Cherbourg,S
1177,Tannūs,Mr Bash īr,31,Cherbourg,†
1178,Tannūs,Mrs Tham īn,16,Cherbourg,S
1179,Taussig,Miss Ruth,18,Southampton,S
1180,Taussig,Mr Emil,52,Southampton,†
1181,Taussig,Mrs Tillie,39,Southampton,S
1182,Taylor,Mr Elmer Zebley,48,Southampton,S
1183,Taylor,Mr Percy Cornelius,32,Southampton,†
1184,Taylor,Mrs Juliet Cummins,49,Southampton,S
1185,Tenglin,Mr Gunnar Isidor,25,Southampton,S
1186,Thayer,Mr John Borland,49,Cherbourg,†
1187,Thayer,Mr John Borland Jr,17,Cherbourg,S
1188,Thayer,Mrs Marian Longstreth,39,Cherbourg,S
1189,Theobald,Mr Thomas Leonard,34,Southampton,†
1190,Thomas/Tannous,Mr John,34,Cherbourg,†
1191,Thomas/Tannous,Mr Tannous,16,Cherbourg,†
1192,Thompson,Mr Alexander Morrison,36,Southampton,†
1193,Thorne,Miss Gertrude Maybelle,38,Cherbourg,S
1194,Thorneycroft,Mr Percival,36,Southampton,†
1195,Thorneycroft,Mrs Florence Kate,32,Southampton,S
1196,Tikkanen,Mr Juho,32,Southampton,†
1197,Tobin,Mr Roger,20,Queenstown,†
1198,Todoroff,Mr Lalio,23,Southampton,†
1199,Tomlin,Mr Ernest Portage,22,Southampton,†
1200,Toomey,Miss Ellen Mary,48,Southampton,S
1201,Torfa,Mr Assad,20,Cherbourg,†
1202,Totevski,Mr Hristo Danchev,25,Southampton,†
1203,Troupiansky,Mr Moses Aaron,23,Southampton,†
1204,Trout,Mrs Jessie Laird,27,Southampton,S
1205,Troutt,Miss Edwina Celia,27,Southampton,S
1206,Tucker,Mr Gilbert Milligan Jr,31,Cherbourg,S
1207,Turcin,Mr Stjepan,36,Southampton,†
1208,Turja,Miss Anna Sofia,18,Southampton,S
1209,Turkula,Mrs Hedwig,63,Southampton,S
1210,Turpin,Mr William John,29,Southampton,†
1211,Turpin,Mrs Dorothy Ann,26,Southampton,†
1212,Tu’Mah,Master Jirjis Yūsuf,8,Cherbourg,S
1213,Tu’Mah,Miss Mariyam,9,Cherbourg,S
1214,Tu’Mah,Mrs Hinnah,27,Cherbourg,S
1215,Törber,Mr Ernst Wilhelm,41,Southampton,†
1216,Törnquist,Mr William Henry,25,Southampton,S
1217,Uruchurtu,Don. Manuel Ramirez,39,Cherbourg,†
1218,Van Billiard,Master James William,10,Southampton,†
1219,Van Billiard,Master Walter John,9,Southampton,†
1220,Van Billiard,Mr Austin Blyler,35,Southampton,†
1221,Van De Velde,Mr Johannes Josef,35,Southampton,†
1222,Van Den Steen,Mr Leo Peter,28,Southampton,†
1223,Van Der Hoef,Mr Wyckoff,61,Belfast,†
1224,Van Impe,Miss Catharina,10,Southampton,†
1225,Van Impe,Mr Jean Baptiste,36,Southampton,†
1226,Van Impe,Mrs Rosalie Paula,30,Southampton,†
1227,Van Melckebeke,Mr Philemon,23,Southampton,†
1228,Vandercruyssen,Mr Victor,46,Southampton,†
1229,Vanderplancke,Miss Augusta Maria,18,Southampton,†
1230,Vanderplancke,Mr Julius,31,Southampton,†
1231,Vanderplancke,Mr Leo Edmondus,15,Southampton,†
1232,Vanderplancke,Mrs Emelie Maria,31,Southampton,†
1233,Vandewalle,Mr Nestor Cyriel,28,Southampton,†
1234,Vartanian,Mr David,22,Cherbourg,†
1235,Veal,Mr James,40,Southampton,†
1236,Vendel,Mr Olof Edvin,20,Southampton,†
1237,Veström,Miss Hulda Amanda Adolfina,14,Southampton,†
1238,Vovk,Mr Janko,21,Southampton,†
1239,Waelens,Mr Achille,22,Southampton,†
1240,Walker,Mr William Anderson,48,Southampton,†
1241,Wallcroft,Miss Ellen “Nellie”,36,Southampton,S
1242,Ward,Miss Annie Moore (Maid to Mrs Charlotte Cardeza),35,Cherbourg,S
1243,Ware,Mr Frederick,34,Southampton,†
1244,Ware,Mr John James,45,Southampton,†
1245,Ware,Mr William Jeffery,23,Southampton,†
1246,Ware,Mrs Florence Louise,31,Southampton,S
1247,Warren,Mr Charles William,30,Southampton,†
1248,Warren,Mr Frank Manley,63,Cherbourg,†
1249,Warren,Mrs Anna Sophia,60,Cherbourg,S
1250,Watson,Mr Ennis Hastings,19,Belfast,†
1251,Watt,Miss Robertha Josephine,12,Southampton,S
1252,Watt,Mrs Elizabeth,40,Southampton,S
1253,Wazli,Mr Yousif Ahmed,23,Cherbourg,†
1254,Webber,Miss Susan,37,Southampton,S
1255,Webber,Mr James,66,Southampton,†
1256,Weir,Colonel John,59,Southampton,†
1257,Weisz,Mr Léopold,37,Southampton,†
1258,Weisz,Mrs Mathilde Françoise,37,Southampton,S
1259,Wells,Master Ralph Lester,2,Southampton,S
1260,Wells,Miss Joan,4,Southampton,S
1261,Wells,Mrs Addie Dart,29,Southampton,S
1262,Wennerström,Mr August,27,Southampton,S
1263,West,Miss Barbara Joyce,10m,Southampton,S
1264,West,Miss Constance Mirium,4,Southampton,S
1265,West,Mr Edwy Arthur,36,Southampton,†
1266,West,Mrs Ada Mary,33,Southampton,S
1267,Wheadon,Mr Edward Henry,65,Southampton,†
1268,Wheeler,Mr Edwin Charles,24,Southampton,†
1269,Whilems,Mr Charles,31,Southampton,S
1270,White,Mr Percival Wayland,54,Southampton,†
1271,White,Mr Richard Frasar,21,Southampton,†
1272,White,Mrs Ella,55,Cherbourg,S
1273,Wick,Colonel George Dennick,57,Southampton,†
1274,Wick,Miss Mary Natalie,31,Southampton,S
1275,Wick,Mrs Mary Peebles,45,Southampton,S
1276,Widegren,Mr Carl Peter,51,Southampton,†
1277,Widener,Mr George Dunton,50,Southampton,†
1278,Widener,Mr Harry Elkins,27,Southampton,†
1279,Widener,Mrs Eleanor,50,Southampton,S
1280,Wiklund,Mr Jakob Alfred,18,Southampton,†
1281,Wiklund,Mr Karl Johan,21,Southampton,†
1282,Wilkes,Mrs Ellen,47,Southampton,S
1283,Wilkinson,Mrs Elizabeth Anne,35,Southampton,S
1284,Willard,Miss Constance,21,Southampton,S
1285,Willer,Mr Aaron,37,Cherbourg,†
1286,Willey,Mr Edward John,18,Southampton,†
1287,Williams,Mr Charles Duane,51,Cherbourg,†
1288,Williams,Mr Charles Eugene,23,Southampton,S
1289,Williams,Mr Fletcher Fellowes Lambert,43,Southampton,†
1290,Williams,Mr Howard Hugh,28,Southampton,†
1291,Williams,Mr Leslie,28,Southampton,†
1292,Williams,Mr Richard Norris II,21,Cherbourg,S
1293,Wilson,Miss Helen Alice (Maid to Mrs Frederic Oakley Spedden),31,Cherbourg,S
1294,Windeløv,Mr Einar,21,Southampton,†
1295,Wirz,Mr Albert,27,Southampton,†
1296,Wiseman,Mr Philippe,54,Southampton,†
1297,Wittevrongel,Mr Camilius Aloysius,36,Southampton,†
1298,Woodward,Mr John Wesley,32,Southampton,†
1299,Woolner,Mr Hugh,45,Southampton,S
1300,Wright,Miss Marion,26,Southampton,S
1301,Wright,Mr George,62,Southampton,†
1302,Yasbeck,Mr Antoni,27,Cherbourg,S
1303,Yazbeck,Mrs Selini,15,Cherbourg,†
1304,Young,Miss Marie Grice,36,Cherbourg,S
1305,Yousseff (Abi Saab),Mr Gerios,26,Cherbourg,†
1306,Youssiff (Sam’Aan),Mr Gerios,45,Cherbourg,†
1307,Yvois,Miss Henriette,24,Southampton,†
1308,Yūsuf,Mrs Kātr īn,24,Cherbourg,S
1309,Zakarian,Mr Mapriededer,22,Cherbourg,†
1310,Zakarian,Mr Ortin,27,Cherbourg,†
1311,Zenni,Mr Philip,22,Cherbourg,S
1312,Zimmermann,Mr Leo,29,Southampton,†
1313,Ådahl,Mr Mauritz,30,Southampton,†
1314,Ödahl,Mr Nils Martin,23,Southampton,†
1315,Öhman,Miss Velin,22,Southampton,S
1316,Østby,Miss Helen Ragnhild,22,Southampton,S
